engine,claims,workload,metric,value,kind
age,10000000,rebuild,index_ms,814.8,measured
age,10000000,rebuild,load_ms,2060.4,measured
age,10000000,traverse,mean_ms,8.552,measured
age,10000000,traverse,n,200,measured
age,10000000,traverse,p50_ms,8.562,measured
age,10000000,traverse,p99_ms,12.851,measured
age,10000000,traverse,rows_mean,38.425,measured
age,1000000,rebuild,index_ms,222.5,measured
age,1000000,rebuild,load_ms,269.4,measured
age,1000000,traverse,mean_ms,2.474,measured
age,1000000,traverse,n,200,measured
age,1000000,traverse,p50_ms,2.484,measured
age,1000000,traverse,p99_ms,2.697,measured
age,1000000,traverse,rows_mean,38.425,measured
age,100000,rebuild,index_ms,59.1,measured
age,100000,rebuild,load_ms,122.3,measured
age,100000,traverse,mean_ms,1.965,measured
age,100000,traverse,n,200,measured
age,100000,traverse,p50_ms,2.002,measured
age,100000,traverse,p99_ms,2.265,measured
age,100000,traverse,rows_mean,38.425,measured
neo4j,10000000,backup,dump_bytes,1.94877e+09,measured
neo4j,10000000,backup,dump_ms,8601.5,measured
neo4j,10000000,directed,mean_ms,5.611,measured
neo4j,10000000,directed,n,200,measured
neo4j,10000000,directed,p50_ms,5.594,measured
neo4j,10000000,directed,p99_ms,9.612,measured
neo4j,10000000,directed,rows_mean,38.425,measured
neo4j,10000000,footprint,server_rss_max_kb,5.02114e+06,measured
neo4j,10000000,footprint,store_bytes,5.75808e+09,measured
neo4j,10000000,footprint,tx_log_bytes,2.69484e+08,measured
neo4j,10000000,rebuild,admin_import_ms,8927.5,measured
neo4j,10000000,rebuild,claim_id_ms,7362.3,measured
neo4j,10000000,rebuild,claim_thread_ms,11090.5,measured
neo4j,10000000,rebuild,emb_subject_ms,833.6,measured
neo4j,10000000,rebuild,emb_vec_ms,19284.5,measured
neo4j,10000000,rebuild,entity_eid_ms,915.3,measured
neo4j,10000000,rebuild,prepare_csv_ms,13635.2,measured
neo4j,10000000,rebuild,start_ms,3673.6,measured
neo4j,10000000,rebuild,total_ms,65722.5,measured
neo4j,10000000,thread,mean_ms,2.737,measured
neo4j,10000000,thread,n,300,measured
neo4j,10000000,thread,p50_ms,2.672,measured
neo4j,10000000,thread,p99_ms,4.212,measured
neo4j,10000000,thread,rows_mean,14.66,measured
neo4j,10000000,traverse,mean_ms,8.56,measured
neo4j,10000000,traverse,n,200,measured
neo4j,10000000,traverse,p50_ms,6.763,measured
neo4j,10000000,traverse,p99_ms,25.047,measured
neo4j,10000000,traverse,rows_mean,86.95,measured
neo4j,10000000,vector,embeddings,1.00012e+06,measured
neo4j,10000000,vector,graph_filtered.mean_ms,73.283,measured
neo4j,10000000,vector,graph_filtered.n,100,measured
neo4j,10000000,vector,graph_filtered.p50_ms,70.68,measured
neo4j,10000000,vector,graph_filtered.p99_ms,82.322,measured
neo4j,10000000,vector,graph_filtered.recall_at_10,1,measured
neo4j,10000000,vector,unfiltered.mean_ms,5.074,measured
neo4j,10000000,vector,unfiltered.n,100,measured
neo4j,10000000,vector,unfiltered.p50_ms,4.786,measured
neo4j,10000000,vector,unfiltered.p99_ms,13.592,measured
neo4j,10000000,vector,unfiltered.recall_at_10,0.75,measured
neo4j,10000000,verify,mismatches,0,measured
neo4j,10000000,verify,samples,100,measured
neo4j,10000000,write,readers,8,measured
neo4j,10000000,write,seconds,30,measured
neo4j,10000000,write,supersedes_per_s,394,measured
neo4j,10000000,write,thread_under_load.mean_ms,6.38,measured
neo4j,10000000,write,thread_under_load.n,37373,measured
neo4j,10000000,write,thread_under_load.p50_ms,6.291,measured
neo4j,10000000,write,thread_under_load.p99_ms,10.665,measured
neo4j,10000000,write,write_latency.mean_ms,10.216,measured
neo4j,10000000,write,write_latency.n,11821,measured
neo4j,10000000,write,write_latency.p50_ms,10.312,measured
neo4j,10000000,write,write_latency.p99_ms,17.654,measured
neo4j,10000000,write,writers,4,measured
neo4j,1000000,backup,dump_bytes,2.0003e+08,measured
neo4j,1000000,backup,dump_ms,1847.1,measured
neo4j,1000000,directed,mean_ms,1.595,measured
neo4j,1000000,directed,n,200,measured
neo4j,1000000,directed,p50_ms,1.408,measured
neo4j,1000000,directed,p99_ms,3.477,measured
neo4j,1000000,directed,rows_mean,38.425,measured
neo4j,1000000,footprint,server_rss_max_kb,3.45008e+06,measured
neo4j,1000000,footprint,store_bytes,6.18494e+08,measured
neo4j,1000000,footprint,tx_log_bytes,2.69484e+08,measured
neo4j,1000000,rebuild,admin_import_ms,4024.4,measured
neo4j,1000000,rebuild,claim_id_ms,745.7,measured
neo4j,1000000,rebuild,claim_thread_ms,1572.3,measured
neo4j,1000000,rebuild,emb_subject_ms,141.7,measured
neo4j,1000000,rebuild,emb_vec_ms,3136,measured
neo4j,1000000,rebuild,entity_eid_ms,656.6,measured
neo4j,1000000,rebuild,prepare_csv_ms,11213.3,measured
neo4j,1000000,rebuild,start_ms,3594.4,measured
neo4j,1000000,rebuild,total_ms,25084.5,measured
neo4j,1000000,thread,mean_ms,1.384,measured
neo4j,1000000,thread,n,300,measured
neo4j,1000000,thread,p50_ms,1.316,measured
neo4j,1000000,thread,p99_ms,2.566,measured
neo4j,1000000,thread,rows_mean,14.6567,measured
neo4j,1000000,traverse,mean_ms,2.177,measured
neo4j,1000000,traverse,n,200,measured
neo4j,1000000,traverse,p50_ms,1.903,measured
neo4j,1000000,traverse,p99_ms,4.262,measured
neo4j,1000000,traverse,rows_mean,86.95,measured
neo4j,1000000,vector,embeddings,100153,measured
neo4j,1000000,vector,graph_filtered.mean_ms,8.228,measured
neo4j,1000000,vector,graph_filtered.n,100,measured
neo4j,1000000,vector,graph_filtered.p50_ms,8.116,measured
neo4j,1000000,vector,graph_filtered.p99_ms,9.175,measured
neo4j,1000000,vector,graph_filtered.recall_at_10,1,measured
neo4j,1000000,vector,unfiltered.mean_ms,1.895,measured
neo4j,1000000,vector,unfiltered.n,100,measured
neo4j,1000000,vector,unfiltered.p50_ms,1.842,measured
neo4j,1000000,vector,unfiltered.p99_ms,2.726,measured
neo4j,1000000,vector,unfiltered.recall_at_10,0.815,measured
neo4j,1000000,verify,mismatches,0,measured
neo4j,1000000,verify,samples,100,measured
neo4j,1000000,write,readers,8,measured
neo4j,1000000,write,seconds,30,measured
neo4j,1000000,write,supersedes_per_s,411.1,measured
neo4j,1000000,write,thread_under_load.mean_ms,5.501,measured
neo4j,1000000,write,thread_under_load.n,43381,measured
neo4j,1000000,write,thread_under_load.p50_ms,5.33,measured
neo4j,1000000,write,thread_under_load.p99_ms,10.213,measured
neo4j,1000000,write,write_latency.mean_ms,9.804,measured
neo4j,1000000,write,write_latency.n,12334,measured
neo4j,1000000,write,write_latency.p50_ms,9.809,measured
neo4j,1000000,write,write_latency.p99_ms,18.256,measured
neo4j,1000000,write,writers,4,measured
neo4j,100000,backup,dump_bytes,2.47798e+07,measured
neo4j,100000,backup,dump_ms,1545.5,measured
neo4j,100000,directed,mean_ms,1.293,measured
neo4j,100000,directed,n,200,measured
neo4j,100000,directed,p50_ms,1.102,measured
neo4j,100000,directed,p99_ms,3.033,measured
neo4j,100000,directed,rows_mean,38.425,measured
neo4j,100000,footprint,server_rss_max_kb,2.92843e+06,measured
neo4j,100000,footprint,store_bytes,9.30838e+07,measured
neo4j,100000,footprint,tx_log_bytes,2.69484e+08,measured
neo4j,100000,rebuild,admin_import_ms,3426,measured
neo4j,100000,rebuild,claim_id_ms,160,measured
neo4j,100000,rebuild,claim_thread_ms,465.5,measured
neo4j,100000,rebuild,emb_subject_ms,145.3,measured
neo4j,100000,rebuild,emb_vec_ms,1275.6,measured
neo4j,100000,rebuild,entity_eid_ms,777.3,measured
neo4j,100000,rebuild,prepare_csv_ms,11260.3,measured
neo4j,100000,rebuild,start_ms,4188.3,measured
neo4j,100000,rebuild,total_ms,21698.4,measured
neo4j,100000,thread,mean_ms,0.965,measured
neo4j,100000,thread,n,300,measured
neo4j,100000,thread,p50_ms,0.942,measured
neo4j,100000,thread,p99_ms,1.497,measured
neo4j,100000,thread,rows_mean,14.6567,measured
neo4j,100000,traverse,mean_ms,2.451,measured
neo4j,100000,traverse,n,200,measured
neo4j,100000,traverse,p50_ms,2.487,measured
neo4j,100000,traverse,p99_ms,4.273,measured
neo4j,100000,traverse,rows_mean,86.95,measured
neo4j,100000,vector,embeddings,10342,measured
neo4j,100000,vector,graph_filtered.mean_ms,2.468,measured
neo4j,100000,vector,graph_filtered.n,100,measured
neo4j,100000,vector,graph_filtered.p50_ms,2.205,measured
neo4j,100000,vector,graph_filtered.p99_ms,4.173,measured
neo4j,100000,vector,graph_filtered.recall_at_10,1,measured
neo4j,100000,vector,unfiltered.mean_ms,1.786,measured
neo4j,100000,vector,unfiltered.n,100,measured
neo4j,100000,vector,unfiltered.p50_ms,1.694,measured
neo4j,100000,vector,unfiltered.p99_ms,3.323,measured
neo4j,100000,vector,unfiltered.recall_at_10,0.865,measured
neo4j,100000,verify,mismatches,0,measured
neo4j,100000,verify,samples,100,measured
neo4j,100000,write,readers,8,measured
neo4j,100000,write,seconds,30,measured
neo4j,100000,write,supersedes_per_s,408.7,measured
neo4j,100000,write,thread_under_load.mean_ms,6.579,measured
neo4j,100000,write,thread_under_load.n,36430,measured
neo4j,100000,write,thread_under_load.p50_ms,6.397,measured
neo4j,100000,write,thread_under_load.p99_ms,11.541,measured
neo4j,100000,write,write_latency.mean_ms,9.889,measured
neo4j,100000,write,write_latency.n,12261,measured
neo4j,100000,write,write_latency.p50_ms,10.022,measured
neo4j,100000,write,write_latency.p99_ms,18.008,measured
neo4j,100000,write,writers,4,measured
pg,10000000,backup,dump_bytes,7.61988e+08,measured
pg,10000000,backup,pg_dump_dir_j4_ms,9061.3,measured
pg,10000000,footprint,database_bytes,4.72287e+09,measured
pg,10000000,footprint,index_bytes.claim_bitemporal_ix,1.14072e+09,measured
pg,10000000,footprint,index_bytes.claim_edge_in_ix,1.4762e+07,measured
pg,10000000,footprint,index_bytes.claim_edge_out_ix,2.54771e+06,measured
pg,10000000,footprint,index_bytes.claim_embedding_hnsw_ix,8.32045e+08,measured
pg,10000000,footprint,index_bytes.claim_embedding_pkey,2.2487e+07,measured
pg,10000000,footprint,index_bytes.claim_embedding_subject_ix,7.28269e+06,measured
pg,10000000,footprint,index_bytes.claim_pkey,2.2537e+08,measured
pg,10000000,footprint,server_rss_max_kb,811848,measured
pg,10000000,footprint,tables_total_bytes.memory.claim,3.26393e+09,measured
pg,10000000,footprint,tables_total_bytes.memory.claim_embedding,1.44882e+09,measured
pg,10000000,rebuild,ANALYZE claim_embedding_ms,102.1,measured
pg,10000000,rebuild,ANALYZE claim_ms,150.5,measured
pg,10000000,rebuild,claim_bitemporal_ix_ms,295712,measured
pg,10000000,rebuild,claim_edge_in_ix_ms,212.2,measured
pg,10000000,rebuild,claim_edge_out_ix_ms,248.8,measured
pg,10000000,rebuild,claim_embedding_hnsw_ix_ms,72975.2,measured
pg,10000000,rebuild,claim_embedding_subject_ix_ms,387.7,measured
pg,10000000,rebuild,copy_claims_ms,12765.7,measured
pg,10000000,rebuild,copy_embeddings_ms,8418.7,measured
pg,10000000,rebuild,total_ms,391418,measured
pg,10000000,thread,mean_ms,0.741,measured
pg,10000000,thread,n,300,measured
pg,10000000,thread,p50_ms,0.761,measured
pg,10000000,thread,p99_ms,1.363,measured
pg,10000000,thread,rows_mean,14.66,measured
pg,10000000,traverse,mean_ms,1.202,measured
pg,10000000,traverse,n,200,measured
pg,10000000,traverse,p50_ms,0.895,measured
pg,10000000,traverse,p99_ms,3.693,measured
pg,10000000,traverse,rows_mean,86.95,measured
pg,10000000,vector,embeddings,1.00012e+06,measured
pg,10000000,vector,graph_filtered.exact_rows_mean,10,measured
pg,10000000,vector,graph_filtered.mean_ms,7.851,measured
pg,10000000,vector,graph_filtered.n,100,measured
pg,10000000,vector,graph_filtered.p50_ms,7.822,measured
pg,10000000,vector,graph_filtered.p99_ms,11.517,measured
pg,10000000,vector,graph_filtered.recall_at_10,0.89,measured
pg,10000000,vector,unfiltered.mean_ms,2.05,measured
pg,10000000,vector,unfiltered.n,100,measured
pg,10000000,vector,unfiltered.p50_ms,1.993,measured
pg,10000000,vector,unfiltered.p99_ms,3.365,measured
pg,10000000,vector,unfiltered.recall_at_10,0.845,measured
pg,10000000,verify,mismatches,0,measured
pg,10000000,verify,samples,100,measured
pg,10000000,write,readers,8,measured
pg,10000000,write,seconds,30,measured
pg,10000000,write,supersedes_per_s,1064.5,measured
pg,10000000,write,thread_under_load.mean_ms,0.927,measured
pg,10000000,write,thread_under_load.n,256722,measured
pg,10000000,write,thread_under_load.p50_ms,0.929,measured
pg,10000000,write,thread_under_load.p99_ms,1.678,measured
pg,10000000,write,write_latency.mean_ms,3.771,measured
pg,10000000,write,write_latency.n,31936,measured
pg,10000000,write,write_latency.p50_ms,3.572,measured
pg,10000000,write,write_latency.p99_ms,6.815,measured
pg,10000000,write,writers,4,measured
pg,1000000,backup,dump_bytes,7.99522e+07,measured
pg,1000000,backup,pg_dump_dir_j4_ms,848,measured
pg,1000000,footprint,database_bytes,5.04405e+08,measured
pg,1000000,footprint,index_bytes.claim_bitemporal_ix,1.27205e+08,measured
pg,1000000,footprint,index_bytes.claim_edge_in_ix,1.5401e+06,measured
pg,1000000,footprint,index_bytes.claim_edge_out_ix,335872,measured
pg,1000000,footprint,index_bytes.claim_embedding_hnsw_ix,8.33372e+07,measured
pg,1000000,footprint,index_bytes.claim_embedding_pkey,2.26099e+06,measured
pg,1000000,footprint,index_bytes.claim_embedding_subject_ix,851968,measured
pg,1000000,footprint,index_bytes.claim_pkey,2.31834e+07,measured
pg,1000000,footprint,server_rss_max_kb,839000,measured
pg,1000000,footprint,tables_total_bytes.memory.claim,3.48979e+08,measured
pg,1000000,footprint,tables_total_bytes.memory.claim_embedding,1.45342e+08,measured
pg,1000000,rebuild,ANALYZE claim_embedding_ms,41,measured
pg,1000000,rebuild,ANALYZE claim_ms,109.9,measured
pg,1000000,rebuild,claim_bitemporal_ix_ms,22647.2,measured
pg,1000000,rebuild,claim_edge_in_ix_ms,38.5,measured
pg,1000000,rebuild,claim_edge_out_ix_ms,36.3,measured
pg,1000000,rebuild,claim_embedding_hnsw_ix_ms,3210.4,measured
pg,1000000,rebuild,claim_embedding_subject_ix_ms,36.8,measured
pg,1000000,rebuild,copy_claims_ms,1267.4,measured
pg,1000000,rebuild,copy_embeddings_ms,864.8,measured
pg,1000000,rebuild,total_ms,28458.6,measured
pg,1000000,thread,mean_ms,0.642,measured
pg,1000000,thread,n,300,measured
pg,1000000,thread,p50_ms,0.625,measured
pg,1000000,thread,p99_ms,1.087,measured
pg,1000000,thread,rows_mean,14.6567,measured
pg,1000000,traverse,mean_ms,0.448,measured
pg,1000000,traverse,n,200,measured
pg,1000000,traverse,p50_ms,0.425,measured
pg,1000000,traverse,p99_ms,0.744,measured
pg,1000000,traverse,rows_mean,86.95,measured
pg,1000000,vector,embeddings,100153,measured
pg,1000000,vector,graph_filtered.exact_rows_mean,10,measured
pg,1000000,vector,graph_filtered.mean_ms,0.992,measured
pg,1000000,vector,graph_filtered.n,100,measured
pg,1000000,vector,graph_filtered.p50_ms,0.915,measured
pg,1000000,vector,graph_filtered.p99_ms,1.593,measured
pg,1000000,vector,graph_filtered.recall_at_10,1,measured
pg,1000000,vector,unfiltered.mean_ms,0.965,measured
pg,1000000,vector,unfiltered.n,100,measured
pg,1000000,vector,unfiltered.p50_ms,0.954,measured
pg,1000000,vector,unfiltered.p99_ms,1.256,measured
pg,1000000,vector,unfiltered.recall_at_10,1,measured
pg,1000000,verify,mismatches,0,measured
pg,1000000,verify,samples,100,measured
pg,1000000,write,readers,8,measured
pg,1000000,write,seconds,30,measured
pg,1000000,write,supersedes_per_s,989,measured
pg,1000000,write,thread_under_load.mean_ms,0.791,measured
pg,1000000,write,thread_under_load.n,300050,measured
pg,1000000,write,thread_under_load.p50_ms,0.792,measured
pg,1000000,write,thread_under_load.p99_ms,1.339,measured
pg,1000000,write,write_latency.mean_ms,4.061,measured
pg,1000000,write,write_latency.n,29671,measured
pg,1000000,write,write_latency.p50_ms,3.613,measured
pg,1000000,write,write_latency.p99_ms,9.3,measured
pg,1000000,write,writers,4,measured
pg,100000,backup,dump_bytes,9.63185e+06,measured
pg,100000,backup,pg_dump_dir_j4_ms,153.9,measured
pg,100000,footprint,database_bytes,7.19657e+07,measured
pg,100000,footprint,index_bytes.claim_bitemporal_ix,1.78012e+07,measured
pg,100000,footprint,index_bytes.claim_edge_in_ix,319488,measured
pg,100000,footprint,index_bytes.claim_edge_out_ix,139264,measured
pg,100000,footprint,index_bytes.claim_embedding_hnsw_ix,8.63437e+06,measured
pg,100000,footprint,index_bytes.claim_embedding_pkey,253952,measured
pg,100000,footprint,index_bytes.claim_embedding_subject_ix,114688,measured
pg,100000,footprint,index_bytes.claim_pkey,2.89178e+06,measured
pg,100000,footprint,server_rss_max_kb,839008,measured
pg,100000,footprint,tables_total_bytes.memory.claim,4.63749e+07,measured
pg,100000,footprint,tables_total_bytes.memory.claim_embedding,1.54583e+07,measured
pg,100000,rebuild,ANALYZE claim_embedding_ms,7.9,measured
pg,100000,rebuild,ANALYZE claim_ms,81.9,measured
pg,100000,rebuild,claim_bitemporal_ix_ms,1932.4,measured
pg,100000,rebuild,claim_edge_in_ix_ms,14.2,measured
pg,100000,rebuild,claim_edge_out_ix_ms,17.7,measured
pg,100000,rebuild,claim_embedding_hnsw_ix_ms,811.7,measured
pg,100000,rebuild,claim_embedding_subject_ix_ms,18.8,measured
pg,100000,rebuild,copy_claims_ms,131.4,measured
pg,100000,rebuild,copy_embeddings_ms,89.2,measured
pg,100000,rebuild,total_ms,3230.5,measured
pg,100000,thread,mean_ms,0.164,measured
pg,100000,thread,n,300,measured
pg,100000,thread,p50_ms,0.157,measured
pg,100000,thread,p99_ms,0.298,measured
pg,100000,thread,rows_mean,14.6567,measured
pg,100000,traverse,mean_ms,0.22,measured
pg,100000,traverse,n,200,measured
pg,100000,traverse,p50_ms,0.219,measured
pg,100000,traverse,p99_ms,0.281,measured
pg,100000,traverse,rows_mean,86.95,measured
pg,100000,vector,embeddings,10342,measured
pg,100000,vector,graph_filtered.exact_rows_mean,10,measured
pg,100000,vector,graph_filtered.mean_ms,0.236,measured
pg,100000,vector,graph_filtered.n,100,measured
pg,100000,vector,graph_filtered.p50_ms,0.203,measured
pg,100000,vector,graph_filtered.p99_ms,0.674,measured
pg,100000,vector,graph_filtered.recall_at_10,1,measured
pg,100000,vector,unfiltered.mean_ms,0.217,measured
pg,100000,vector,unfiltered.n,100,measured
pg,100000,vector,unfiltered.p50_ms,0.192,measured
pg,100000,vector,unfiltered.p99_ms,0.418,measured
pg,100000,vector,unfiltered.recall_at_10,1,measured
pg,100000,verify,mismatches,0,measured
pg,100000,verify,samples,100,measured
pg,100000,write,readers,8,measured
pg,100000,write,seconds,30,measured
pg,100000,write,supersedes_per_s,832.4,measured
pg,100000,write,thread_under_load.mean_ms,0.546,measured
pg,100000,write,thread_under_load.n,433518,measured
pg,100000,write,thread_under_load.p50_ms,0.51,measured
pg,100000,write,thread_under_load.p99_ms,1.171,measured
pg,100000,write,write_latency.mean_ms,4.815,measured
pg,100000,write,write_latency.n,24972,measured
pg,100000,write,write_latency.p50_ms,4.269,measured
pg,100000,write,write_latency.p99_ms,9.347,measured
pg,100000,write,writers,4,measured
pg,100000000,thread,p50_ms,2.04114,extrapolated
pg,100000000,thread,p99_ms,3.48279,extrapolated
pg,100000000,traverse,p50_ms,1.88476,extrapolated
pg,100000000,traverse,p99_ms,18.331,extrapolated
age,100000000,traverse,p50_ms,29.512,extrapolated
age,100000000,traverse,p99_ms,61.234,extrapolated
pg,100000000,vector,graph_filtered.p50_ms,66.8674,extrapolated
pg,100000000,vector,unfiltered.p50_ms,7.41865,extrapolated
pg,100000000,rebuild,total_ms,5.38354e+06,extrapolated
pg,100000000,footprint,database_bytes,4.42214e+10,extrapolated
neo4j,100000000,thread,p50_ms,5.42522,extrapolated
neo4j,100000000,thread,p99_ms,7.11632,extrapolated
neo4j,100000000,traverse,p50_ms,24.0348,extrapolated
neo4j,100000000,traverse,p99_ms,147.197,extrapolated
neo4j,100000000,directed,p50_ms,22.225,extrapolated
neo4j,100000000,vector,graph_filtered.p50_ms,615.533,extrapolated
neo4j,100000000,vector,unfiltered.p50_ms,12.4353,extrapolated
neo4j,100000000,footprint,store_bytes,5.36067e+10,extrapolated
